{"0": "g0", "1": "g1", "2": "g2", "3": "g3", "4": "g4", "5": "g5", "6": "g6", "7": "g7", "8": "g8", "9": "g9", "10": "g10", "11": "g11", "12": "g12", "13": "g13", "14": "g14", "15": "g15", "16": "g16", "17": "g17", "18": "g18", "19": "g19", "20": "g20", "21": "g21", "22": "g22", "23": "g23", "24": "g24", "25": "g25", "26": "g26", "27": "g27", "28": "g28", "29": "g29", "30": "g30", "31": "g31", "32": "g32", "33": "g33", "34": "g34", "35": "g35", "36": "g36", "37": "g37", "38": "g38", "39": "g39", "40": "g40", "41": "g41", "42": "g42", "43": "g43", "44": "g44", "45": "g45", "46": "g46", "47": "g47", "48": "g48", "49": "g49", "50": "g50", "51": "g51", "52": "g52", "53": "g53", "54": "g54", "55": "g55", "56": "g56", "57": "g57", "58": "g58", "59": "g59", "60": "g60", "61": "g61", "62": "g62", "63": "g63", "64": "g64", "65": "g65", "66": "g66", "67": "g67", "68": "g68", "69": "g69", "70": "g70", "71": "g71", "72": "g72", "73": "g73", "74": "g74", "75": "g75", "76": "g76", "77": "g77", "78": "g78", "79": "g79", "80": "g80", "81": "g81", "82": "g82", "83": "g83", "84": "g84", "85": "g85", "86": "g86", "87": "g87", "88": "g88", "89": "g89", "90": "g90", "91": "g91", "92": "g92", "93": "g93", "94": "1'b1", "95": "1'b0", "96": "n0", "97": "n1", "98": "n2", "99": "n3", "100": "n4[0]", "101": "n4[1]", "102": "n5[0]", "103": "n5[1]", "104": "n6", "105": "n7", "106": "n8[0]", "107": "n8[1]", "108": "n8[2]", "109": "n8[3]", "110": "n8[4]", "111": "n8[5]", "112": "n8[6]", "113": "n9[0]", "114": "n9[1]", "115": "n9[2]", "116": "n9[3]", "117": "n9[4]", "118": "n9[5]", "119": "n9[6]", "120": "n10[0]", "121": "n10[1]", "122": "n10[2]", "123": "n10[3]", "124": "n11[0]", "125": "n11[1]", "126": "n11[2]", "127": "n11[3]", "128": "n12[0]", "129": "n12[1]", "130": "n12[2]", "131": "n12[3]"}