{"0": "g0", "1": "g1", "2": "g2", "3": "g3", "4": "g4", "5": "g5", "6": "g6", "7": "g7", "8": "g8", "9": "g9", "10": "g10", "11": "g11", "12": "g12", "13": "g13", "14": "g14", "15": "g15", "16": "g16", "17": "g17", "18": "g18", "19": "g19", "20": "g20", "21": "g21", "22": "g22", "23": "g23", "24": "g24", "25": "g25", "26": "g26", "27": "g27", "28": "g28", "29": "g29", "30": "g30", "31": "g31", "32": "g32", "33": "g33", "34": "g34", "35": "g35", "36": "g36", "37": "g37", "38": "g38", "39": "g39", "40": "g40", "41": "g41", "42": "g42", "43": "g43", "44": "g44", "45": "g45", "46": "g46", "47": "g47", "48": "g48", "49": "g49", "50": "g50", "51": "g51", "52": "g52", "53": "g53", "54": "g54", "55": "g55", "56": "g56", "57": "g57", "58": "g58", "59": "g59", "60": "g60", "61": "g61", "62": "g62", "63": "g63", "64": "g64", "65": "g65", "66": "g66", "67": "g67", "68": "g68", "69": "g69", "70": "g70", "71": "g71", "72": "g72", "73": "g73", "74": "g74", "75": "g75", "76": "g76", "77": "g77", "78": "g78", "79": "g79", "80": "g80", "81": "g81", "82": "g82", "83": "g83", "84": "g84", "85": "g85", "86": "g86", "87": "g87", "88": "g88", "89": "g89", "90": "g90", "91": "g91", "92": "g92", "93": "g93", "94": "g94", "95": "g95", "96": "g96", "97": "g97", "98": "g98", "99": "g99", "100": "g100", "101": "g101", "102": "g102", "103": "g103", "104": "g104", "105": "g105", "106": "g106", "107": "g107", "108": "g108", "109": "g109", "110": "g110", "111": "g111", "112": "g112", "113": "g113", "114": "g114", "115": "g115", "116": "g116", "117": "g117", "118": "g118", "119": "g119", "120": "g120", "121": "g121", "122": "g122", "123": "g123", "124": "g124", "125": "g125", "126": "g126", "127": "g127", "128": "g128", "129": "g129", "130": "g130", "131": "g131", "132": "g132", "133": "g133", "134": "g134", "135": "g135", "136": "g136", "137": "g137", "138": "g138", "139": "g139", "140": "g140", "141": "g141", "142": "g142", "143": "g143", "144": "g144", "145": "g145", "146": "g146", "147": "g147", "148": "g148", "149": "g149", "150": "g150", "151": "g151", "152": "g152", "153": "g153", "154": "g154", "155": "g155", "156": "g156", "157": "g157", "158": "g158", "159": "g159", "160": "g160", "161": "g161", "162": "g162", "163": "g163", "164": "g164", "165": "g165", "166": "g166", "167": "g167", "168": "g168", "169": "g169", "170": "g170", "171": "g171", "172": "g172", "173": "g173", "174": "g174", "175": "g175", "176": "g176", "177": "1'b1", "178": "1'b0", "179": "n0", "180": "n1", "181": "n2", "182": "n3", "183": "n4", "184": "n5", "185": "n6", "186": "n7[0]", "187": "n7[1]", "188": "n8[0]", "189": "n8[1]", "190": "n8[2]", "191": "n8[3]", "192": "n8[4]", "193": "n8[5]", "194": "n8[6]", "195": "n8[7]", "196": "n9[0]", "197": "n9[1]", "198": "n9[2]", "199": "n9[3]", "200": "n9[4]", "201": "n9[5]", "202": "n9[6]", "203": "n9[7]", "204": "n10[0]", "205": "n10[1]", "206": "n10[2]", "207": "n10[3]", "208": "n10[4]", "209": "n10[5]", "210": "n10[6]", "211": "n10[7]", "212": "n11", "213": "n12", "214": "n13"}